[
  {
    "timestamp": 1759055594744,
    "problemId": "1SequentialList2",
    "eventType": "problem_loaded",
    "codeSnapshot": "#include <iostream>\n#include <cstring>\n#include <cstdlib>\n\nusing namespace std;\n\n#define MaxSize 50\ntypedef int ElemType;\ntypedef int Status;\n\n// 顺序表结构定义\ntypedef struct {\n    ElemType data[MaxSize]; // 顺序表元素\n    int length;             // 顺序表当前长度\n} SqList;\n\n// 初始化顺序表函数，构造一个空的顺序表\nStatus InitList(SqList &L) {\n    memset(L.data, 0, sizeof(L.data)); // 初始化数据为0\n    L.length = 0;                      // 初始化长度为0\n    return 0;\n}\n\n// 打印顺序表\nvoid PrintList(SqList L) {\n    cout << \"[\";\n    for (int i = 0; i < L.length; i++) {\n        cout << L.data[i];\n        if (i < L.length - 1) cout << \", \";\n    }\n    cout << \"]\";\n}\n\n// TODO: 实现这个函数\nStatus ListInsert(SqList &L, int i, ElemType e) {\n    // 如果i不在合理范围[1, L.length+1]内，\n    // 应打印错误信息到 cerr 并调用 exit(1)\n    // 在第i个位置插入元素e（注意：i从1开始计数）\n    // 如果顺序表已满，也应显示错误信息并退出\n    \n    // 你的代码在这里\n    \n}\n\n// 简单的测试主函数，方便你调试\nint main() {\n    SqList L1, L2;\n    InitList(L1);\n    InitList(L2);\n    \n    // 测试用例1：中间插入\n    cout << \"=== 测试用例1：中间插入 ===\" << endl;\n    L1.data[0] = 1; L1.data[1] = 3; L1.data[2] = 5;\n    L1.length = 3;\n    \n    cout << \"原始顺序表: \";\n    PrintList(L1);\n    cout << \"，长度: \" << L1.length << endl;\n    cout << \"插入元素2到位置2（第2个位置）\" << endl;\n    \n    ListInsert(L1, 2, 2);\n    cout << \"插入后顺序表: \";\n    PrintList(L1);\n    cout << \"，长度: \" << L1.length << endl << endl;\n    \n    // 测试用例2：末尾插入\n    cout << \"=== 测试用例2：末尾插入 ===\" << endl;\n    L2.data[0] = 1; L2.data[1] = 2;\n    L2.length = 2;\n    \n    cout << \"原始顺序表: \";\n    PrintList(L2);\n    cout << \"，长度: \" << L2.length << endl;\n    cout << \"插入元素3到位置3（末尾位置）\" << endl;\n    \n    ListInsert(L2, 3, 3);\n    cout << \"插入后顺序表: \";\n    PrintList(L2);\n    cout << \"，长度: \" << L2.length << endl;\n    \n    return 0;\n}"
  },
  {
    "timestamp": 1759055598172,
    "problemId": "1SequentialList2",
    "eventType": "problem_saved",
    "codeSnapshot": "#include <iostream>\n#include <cstring>\n#include <cstdlib>\n\nusing namespace std;\n\n#define MaxSize 50\ntypedef int ElemType;\ntypedef int Status;\n\n// 顺序表结构定义\ntypedef struct {\n    ElemType data[MaxSize]; // 顺序表元素\n    int length;             // 顺序表当前长度\n} SqList;\n\n// 初始化顺序表函数，构造一个空的顺序表\nStatus InitList(SqList &L) {\n    memset(L.data, 0, sizeof(L.data)); // 初始化数据为0\n    L.length = 0;                      // 初始化长度为0\n    return 0;\n}\n\n// 打印顺序表\nvoid PrintList(SqList L) {\n    cout << \"[\";\n    for (int i = 0; i < L.length; i++) {\n        cout << L.data[i];\n        if (i < L.length - 1) cout << \", \";\n    }\n    cout << \"]\";\n}\n\n// TODO: 实现这个函数\nStatus ListInsert(SqList &L, int i, ElemType e) {\n    // 如果i不在合理范围[1, L.length+1]内，\n    // 应打印错误信息到 cerr 并调用 exit(1)\n    // 在第i个位置插入元素e（注意：i从1开始计数）\n    // 如果顺序表已满，也应显示错误信息并退出\n    \n    // 你的代码在这里\n    \n}\n\n// 简单的测试主函数，方便你调试\nint main() {\n    SqList L1, L2;\n    InitList(L1);\n    InitList(L2);\n    \n    // 测试用例1：中间插入\n    cout << \"=== 测试用例1：中间插入 ===\" << endl;\n    L1.data[0] = 1; L1.data[1] = 3; L1.data[2] = 5;\n    L1.length = 3;\n    \n    cout << \"原始顺序表: \";\n    PrintList(L1);\n    cout << \"，长度: \" << L1.length << endl;\n    cout << \"插入元素2到位置2（第2个位置）\" << endl;\n    \n    ListInsert(L1, 2, 2);\n    cout << \"插入后顺序表: \";\n    PrintList(L1);\n    cout << \"，长度: \" << L1.length << endl << endl;\n    \n    // 测试用例2：末尾插入\n    cout << \"=== 测试用例2：末尾插入 ===\" << endl;\n    L2.data[0] = 1; L2.data[1] = 2;\n    L2.length = 2;\n    \n    cout << \"原始顺序表: \";\n    PrintList(L2);\n    cout << \"，长度: \" << L2.length << endl;\n    cout << \"插入元素3到位置3（末尾位置）\" << endl;\n    \n    ListInsert(L2, 3, 3);\n    cout << \"插入后顺序表: \";\n    PrintList(L2);\n    cout << \"，长度: \" << L2.length << endl;\n    \n    return 0;\n}",
    "audioState": "absent"
  },
  {
    "timestamp": 1759055598176,
    "problemId": "1SequentialList2",
    "eventType": "problem_saved",
    "codeSnapshot": "#include <iostream>\n#include <cstring>\n#include <cstdlib>\n\nusing namespace std;\n\n#define MaxSize 50\ntypedef int ElemType;\ntypedef int Status;\n\n// 顺序表结构定义\ntypedef struct {\n    ElemType data[MaxSize]; // 顺序表元素\n    int length;             // 顺序表当前长度\n} SqList;\n\n// 初始化顺序表函数，构造一个空的顺序表\nStatus InitList(SqList &L) {\n    memset(L.data, 0, sizeof(L.data)); // 初始化数据为0\n    L.length = 0;                      // 初始化长度为0\n    return 0;\n}\n\n// 打印顺序表\nvoid PrintList(SqList L) {\n    cout << \"[\";\n    for (int i = 0; i < L.length; i++) {\n        cout << L.data[i];\n        if (i < L.length - 1) cout << \", \";\n    }\n    cout << \"]\";\n}\n\n// TODO: 实现这个函数\nStatus ListInsert(SqList &L, int i, ElemType e) {\n    // 如果i不在合理范围[1, L.length+1]内，\n    // 应打印错误信息到 cerr 并调用 exit(1)\n    // 在第i个位置插入元素e（注意：i从1开始计数）\n    // 如果顺序表已满，也应显示错误信息并退出\n    \n    // 你的代码在这里\n    \n}\n\n// 简单的测试主函数，方便你调试\nint main() {\n    SqList L1, L2;\n    InitList(L1);\n    InitList(L2);\n    \n    // 测试用例1：中间插入\n    cout << \"=== 测试用例1：中间插入 ===\" << endl;\n    L1.data[0] = 1; L1.data[1] = 3; L1.data[2] = 5;\n    L1.length = 3;\n    \n    cout << \"原始顺序表: \";\n    PrintList(L1);\n    cout << \"，长度: \" << L1.length << endl;\n    cout << \"插入元素2到位置2（第2个位置）\" << endl;\n    \n    ListInsert(L1, 2, 2);\n    cout << \"插入后顺序表: \";\n    PrintList(L1);\n    cout << \"，长度: \" << L1.length << endl << endl;\n    \n    // 测试用例2：末尾插入\n    cout << \"=== 测试用例2：末尾插入 ===\" << endl;\n    L2.data[0] = 1; L2.data[1] = 2;\n    L2.length = 2;\n    \n    cout << \"原始顺序表: \";\n    PrintList(L2);\n    cout << \"，长度: \" << L2.length << endl;\n    cout << \"插入元素3到位置3（末尾位置）\" << endl;\n    \n    ListInsert(L2, 3, 3);\n    cout << \"插入后顺序表: \";\n    PrintList(L2);\n    cout << \"，长度: \" << L2.length << endl;\n    \n    return 0;\n}",
    "audioState": "absent"
  },
  {
    "timestamp": 1759056325859,
    "problemId": "1SequentialList2",
    "eventType": "problem_loaded",
    "codeSnapshot": "#include <iostream>\n#include <cstring>\n#include <cstdlib>\n\nusing namespace std;\n\n#define MaxSize 50\ntypedef int ElemType;\ntypedef int Status;\n\n// 顺序表结构定义\ntypedef struct {\n    ElemType data[MaxSize]; // 顺序表元素\n    int length;             // 顺序表当前长度\n} SqList;\n\n// 初始化顺序表函数，构造一个空的顺序表\nStatus InitList(SqList &L) {\n    memset(L.data, 0, sizeof(L.data)); // 初始化数据为0\n    L.length = 0;                      // 初始化长度为0\n    return 0;\n}\n\n// 打印顺序表\nvoid PrintList(SqList L) {\n    cout << \"[\";\n    for (int i = 0; i < L.length; i++) {\n        cout << L.data[i];\n        if (i < L.length - 1) cout << \", \";\n    }\n    cout << \"]\";\n}\n\n// TODO: 实现这个函数\nStatus ListInsert(SqList &L, int i, ElemType e) {\n    // 如果i不在合理范围[1, L.length+1]内，\n    // 应打印错误信息到 cerr 并调用 exit(1)\n    // 在第i个位置插入元素e（注意：i从1开始计数）\n    // 如果顺序表已满，也应显示错误信息并退出\n    \n    // 你的代码在这里\n    \n}\n\n// 简单的测试主函数，方便你调试\nint main() {\n    SqList L1, L2;\n    InitList(L1);\n    InitList(L2);\n    \n    // 测试用例1：中间插入\n    cout << \"=== 测试用例1：中间插入 ===\" << endl;\n    L1.data[0] = 1; L1.data[1] = 3; L1.data[2] = 5;\n    L1.length = 3;\n    \n    cout << \"原始顺序表: \";\n    PrintList(L1);\n    cout << \"，长度: \" << L1.length << endl;\n    cout << \"插入元素2到位置2（第2个位置）\" << endl;\n    \n    ListInsert(L1, 2, 2);\n    cout << \"插入后顺序表: \";\n    PrintList(L1);\n    cout << \"，长度: \" << L1.length << endl << endl;\n    \n    // 测试用例2：末尾插入\n    cout << \"=== 测试用例2：末尾插入 ===\" << endl;\n    L2.data[0] = 1; L2.data[1] = 2;\n    L2.length = 2;\n    \n    cout << \"原始顺序表: \";\n    PrintList(L2);\n    cout << \"，长度: \" << L2.length << endl;\n    cout << \"插入元素3到位置3（末尾位置）\" << endl;\n    \n    ListInsert(L2, 3, 3);\n    cout << \"插入后顺序表: \";\n    PrintList(L2);\n    cout << \"，长度: \" << L2.length << endl;\n    \n    return 0;\n}"
  },
  {
    "timestamp": 1759056335097,
    "problemId": "1SequentialList2",
    "eventType": "problem_loaded",
    "codeSnapshot": "#include <iostream>\n#include <cstring>\n#include <cstdlib>\n\nusing namespace std;\n\n#define MaxSize 50\ntypedef int ElemType;\ntypedef int Status;\n\n// 顺序表结构定义\ntypedef struct {\n    ElemType data[MaxSize]; // 顺序表元素\n    int length;             // 顺序表当前长度\n} SqList;\n\n// 初始化顺序表函数，构造一个空的顺序表\nStatus InitList(SqList &L) {\n    memset(L.data, 0, sizeof(L.data)); // 初始化数据为0\n    L.length = 0;                      // 初始化长度为0\n    return 0;\n}\n\n// 打印顺序表\nvoid PrintList(SqList L) {\n    cout << \"[\";\n    for (int i = 0; i < L.length; i++) {\n        cout << L.data[i];\n        if (i < L.length - 1) cout << \", \";\n    }\n    cout << \"]\";\n}\n\n// TODO: 实现这个函数\nStatus ListInsert(SqList &L, int i, ElemType e) {\n    // 如果i不在合理范围[1, L.length+1]内，\n    // 应打印错误信息到 cerr 并调用 exit(1)\n    // 在第i个位置插入元素e（注意：i从1开始计数）\n    // 如果顺序表已满，也应显示错误信息并退出\n    \n    // 你的代码在这里\n    \n}\n\n// 简单的测试主函数，方便你调试\nint main() {\n    SqList L1, L2;\n    InitList(L1);\n    InitList(L2);\n    \n    // 测试用例1：中间插入\n    cout << \"=== 测试用例1：中间插入 ===\" << endl;\n    L1.data[0] = 1; L1.data[1] = 3; L1.data[2] = 5;\n    L1.length = 3;\n    \n    cout << \"原始顺序表: \";\n    PrintList(L1);\n    cout << \"，长度: \" << L1.length << endl;\n    cout << \"插入元素2到位置2（第2个位置）\" << endl;\n    \n    ListInsert(L1, 2, 2);\n    cout << \"插入后顺序表: \";\n    PrintList(L1);\n    cout << \"，长度: \" << L1.length << endl << endl;\n    \n    // 测试用例2：末尾插入\n    cout << \"=== 测试用例2：末尾插入 ===\" << endl;\n    L2.data[0] = 1; L2.data[1] = 2;\n    L2.length = 2;\n    \n    cout << \"原始顺序表: \";\n    PrintList(L2);\n    cout << \"，长度: \" << L2.length << endl;\n    cout << \"插入元素3到位置3（末尾位置）\" << endl;\n    \n    ListInsert(L2, 3, 3);\n    cout << \"插入后顺序表: \";\n    PrintList(L2);\n    cout << \"，长度: \" << L2.length << endl;\n    \n    return 0;\n}"
  },
  {
    "timestamp": 1759056376154,
    "problemId": "1SequentialList2",
    "eventType": "problem_loaded",
    "codeSnapshot": "#include <iostream>\n#include <cstring>\n#include <cstdlib>\n\nusing namespace std;\n\n#define MaxSize 50\ntypedef int ElemType;\ntypedef int Status;\n\n// 顺序表结构定义\ntypedef struct {\n    ElemType data[MaxSize]; // 顺序表元素\n    int length;             // 顺序表当前长度\n} SqList;\n\n// 初始化顺序表函数，构造一个空的顺序表\nStatus InitList(SqList &L) {\n    memset(L.data, 0, sizeof(L.data)); // 初始化数据为0\n    L.length = 0;                      // 初始化长度为0\n    return 0;\n}\n\n// 打印顺序表\nvoid PrintList(SqList L) {\n    cout << \"[\";\n    for (int i = 0; i < L.length; i++) {\n        cout << L.data[i];\n        if (i < L.length - 1) cout << \", \";\n    }\n    cout << \"]\";\n}\n\n// TODO: 实现这个函数\nStatus ListInsert(SqList &L, int i, ElemType e) {\n    // 如果i不在合理范围[1, L.length+1]内，\n    // 应打印错误信息到 cerr 并调用 exit(1)\n    // 在第i个位置插入元素e（注意：i从1开始计数）\n    // 如果顺序表已满，也应显示错误信息并退出\n    \n    // 你的代码在这里\n    \n}\n\n// 简单的测试主函数，方便你调试\nint main() {\n    SqList L1, L2;\n    InitList(L1);\n    InitList(L2);\n    \n    // 测试用例1：中间插入\n    cout << \"=== 测试用例1：中间插入 ===\" << endl;\n    L1.data[0] = 1; L1.data[1] = 3; L1.data[2] = 5;\n    L1.length = 3;\n    \n    cout << \"原始顺序表: \";\n    PrintList(L1);\n    cout << \"，长度: \" << L1.length << endl;\n    cout << \"插入元素2到位置2（第2个位置）\" << endl;\n    \n    ListInsert(L1, 2, 2);\n    cout << \"插入后顺序表: \";\n    PrintList(L1);\n    cout << \"，长度: \" << L1.length << endl << endl;\n    \n    // 测试用例2：末尾插入\n    cout << \"=== 测试用例2：末尾插入 ===\" << endl;\n    L2.data[0] = 1; L2.data[1] = 2;\n    L2.length = 2;\n    \n    cout << \"原始顺序表: \";\n    PrintList(L2);\n    cout << \"，长度: \" << L2.length << endl;\n    cout << \"插入元素3到位置3（末尾位置）\" << endl;\n    \n    ListInsert(L2, 3, 3);\n    cout << \"插入后顺序表: \";\n    PrintList(L2);\n    cout << \"，长度: \" << L2.length << endl;\n    \n    return 0;\n}"
  },
  {
    "timestamp": 1759056625061,
    "problemId": "1SequentialList2",
    "eventType": "problem_loaded",
    "codeSnapshot": "#include <iostream>\n#include <cstring>\n#include <cstdlib>\n\nusing namespace std;\n\n#define MaxSize 50\ntypedef int ElemType;\ntypedef int Status;\n\n// 顺序表结构定义\ntypedef struct {\n    ElemType data[MaxSize]; // 顺序表元素\n    int length;             // 顺序表当前长度\n} SqList;\n\n// 初始化顺序表函数，构造一个空的顺序表\nStatus InitList(SqList &L) {\n    memset(L.data, 0, sizeof(L.data)); // 初始化数据为0\n    L.length = 0;                      // 初始化长度为0\n    return 0;\n}\n\n// 打印顺序表\nvoid PrintList(SqList L) {\n    cout << \"[\";\n    for (int i = 0; i < L.length; i++) {\n        cout << L.data[i];\n        if (i < L.length - 1) cout << \", \";\n    }\n    cout << \"]\";\n}\n\n// TODO: 实现这个函数\nStatus ListInsert(SqList &L, int i, ElemType e) {\n    // 如果i不在合理范围[1, L.length+1]内，\n    // 应打印错误信息到 cerr 并调用 exit(1)\n    // 在第i个位置插入元素e（注意：i从1开始计数）\n    // 如果顺序表已满，也应显示错误信息并退出\n    \n    // 你的代码在这里\n    \n}\n\n// 简单的测试主函数，方便你调试\nint main() {\n    SqList L1, L2;\n    InitList(L1);\n    InitList(L2);\n    \n    // 测试用例1：中间插入\n    cout << \"=== 测试用例1：中间插入 ===\" << endl;\n    L1.data[0] = 1; L1.data[1] = 3; L1.data[2] = 5;\n    L1.length = 3;\n    \n    cout << \"原始顺序表: \";\n    PrintList(L1);\n    cout << \"，长度: \" << L1.length << endl;\n    cout << \"插入元素2到位置2（第2个位置）\" << endl;\n    \n    ListInsert(L1, 2, 2);\n    cout << \"插入后顺序表: \";\n    PrintList(L1);\n    cout << \"，长度: \" << L1.length << endl << endl;\n    \n    // 测试用例2：末尾插入\n    cout << \"=== 测试用例2：末尾插入 ===\" << endl;\n    L2.data[0] = 1; L2.data[1] = 2;\n    L2.length = 2;\n    \n    cout << \"原始顺序表: \";\n    PrintList(L2);\n    cout << \"，长度: \" << L2.length << endl;\n    cout << \"插入元素3到位置3（末尾位置）\" << endl;\n    \n    ListInsert(L2, 3, 3);\n    cout << \"插入后顺序表: \";\n    PrintList(L2);\n    cout << \"，长度: \" << L2.length << endl;\n    \n    return 0;\n}"
  },
  {
    "timestamp": 1759056627525,
    "problemId": "1SequentialList2",
    "eventType": "problem_saved",
    "codeSnapshot": "#include <iostream>\n#include <cstring>\n#include <cstdlib>\n\nusing namespace std;\n\n#define MaxSize 50\ntypedef int ElemType;\ntypedef int Status;\n\n// 顺序表结构定义\ntypedef struct {\n    ElemType data[MaxSize]; // 顺序表元素\n    int length;             // 顺序表当前长度\n} SqList;\n\n// 初始化顺序表函数，构造一个空的顺序表\nStatus InitList(SqList &L) {\n    memset(L.data, 0, sizeof(L.data)); // 初始化数据为0\n    L.length = 0;                      // 初始化长度为0\n    return 0;\n}\n\n// 打印顺序表\nvoid PrintList(SqList L) {\n    cout << \"[\";\n    for (int i = 0; i < L.length; i++) {\n        cout << L.data[i];\n        if (i < L.length - 1) cout << \", \";\n    }\n    cout << \"]\";\n}\n\n// TODO: 实现这个函数\nStatus ListInsert(SqList &L, int i, ElemType e) {\n    // 如果i不在合理范围[1, L.length+1]内，\n    // 应打印错误信息到 cerr 并调用 exit(1)\n    // 在第i个位置插入元素e（注意：i从1开始计数）\n    // 如果顺序表已满，也应显示错误信息并退出\n    \n    // 你的代码在这里\n    \n}\n\n// 简单的测试主函数，方便你调试\nint main() {\n    SqList L1, L2;\n    InitList(L1);\n    InitList(L2);\n    \n    // 测试用例1：中间插入\n    cout << \"=== 测试用例1：中间插入 ===\" << endl;\n    L1.data[0] = 1; L1.data[1] = 3; L1.data[2] = 5;\n    L1.length = 3;\n    \n    cout << \"原始顺序表: \";\n    PrintList(L1);\n    cout << \"，长度: \" << L1.length << endl;\n    cout << \"插入元素2到位置2（第2个位置）\" << endl;\n    \n    ListInsert(L1, 2, 2);\n    cout << \"插入后顺序表: \";\n    PrintList(L1);\n    cout << \"，长度: \" << L1.length << endl << endl;\n    \n    // 测试用例2：末尾插入\n    cout << \"=== 测试用例2：末尾插入 ===\" << endl;\n    L2.data[0] = 1; L2.data[1] = 2;\n    L2.length = 2;\n    \n    cout << \"原始顺序表: \";\n    PrintList(L2);\n    cout << \"，长度: \" << L2.length << endl;\n    cout << \"插入元素3到位置3（末尾位置）\" << endl;\n    \n    ListInsert(L2, 3, 3);\n    cout << \"插入后顺序表: \";\n    PrintList(L2);\n    cout << \"，长度: \" << L2.length << endl;\n    \n    return 0;\n}",
    "audioState": "absent"
  },
  {
    "timestamp": 1759056627529,
    "problemId": "1SequentialList2",
    "eventType": "problem_saved",
    "codeSnapshot": "#include <iostream>\n#include <cstring>\n#include <cstdlib>\n\nusing namespace std;\n\n#define MaxSize 50\ntypedef int ElemType;\ntypedef int Status;\n\n// 顺序表结构定义\ntypedef struct {\n    ElemType data[MaxSize]; // 顺序表元素\n    int length;             // 顺序表当前长度\n} SqList;\n\n// 初始化顺序表函数，构造一个空的顺序表\nStatus InitList(SqList &L) {\n    memset(L.data, 0, sizeof(L.data)); // 初始化数据为0\n    L.length = 0;                      // 初始化长度为0\n    return 0;\n}\n\n// 打印顺序表\nvoid PrintList(SqList L) {\n    cout << \"[\";\n    for (int i = 0; i < L.length; i++) {\n        cout << L.data[i];\n        if (i < L.length - 1) cout << \", \";\n    }\n    cout << \"]\";\n}\n\n// TODO: 实现这个函数\nStatus ListInsert(SqList &L, int i, ElemType e) {\n    // 如果i不在合理范围[1, L.length+1]内，\n    // 应打印错误信息到 cerr 并调用 exit(1)\n    // 在第i个位置插入元素e（注意：i从1开始计数）\n    // 如果顺序表已满，也应显示错误信息并退出\n    \n    // 你的代码在这里\n    \n}\n\n// 简单的测试主函数，方便你调试\nint main() {\n    SqList L1, L2;\n    InitList(L1);\n    InitList(L2);\n    \n    // 测试用例1：中间插入\n    cout << \"=== 测试用例1：中间插入 ===\" << endl;\n    L1.data[0] = 1; L1.data[1] = 3; L1.data[2] = 5;\n    L1.length = 3;\n    \n    cout << \"原始顺序表: \";\n    PrintList(L1);\n    cout << \"，长度: \" << L1.length << endl;\n    cout << \"插入元素2到位置2（第2个位置）\" << endl;\n    \n    ListInsert(L1, 2, 2);\n    cout << \"插入后顺序表: \";\n    PrintList(L1);\n    cout << \"，长度: \" << L1.length << endl << endl;\n    \n    // 测试用例2：末尾插入\n    cout << \"=== 测试用例2：末尾插入 ===\" << endl;\n    L2.data[0] = 1; L2.data[1] = 2;\n    L2.length = 2;\n    \n    cout << \"原始顺序表: \";\n    PrintList(L2);\n    cout << \"，长度: \" << L2.length << endl;\n    cout << \"插入元素3到位置3（末尾位置）\" << endl;\n    \n    ListInsert(L2, 3, 3);\n    cout << \"插入后顺序表: \";\n    PrintList(L2);\n    cout << \"，长度: \" << L2.length << endl;\n    \n    return 0;\n}",
    "audioState": "absent"
  },
  {
    "timestamp": 1759056658500,
    "problemId": "1SequentialList2",
    "eventType": "problem_loaded",
    "codeSnapshot": "#include <iostream>\n#include <cstring>\n#include <cstdlib>\n\nusing namespace std;\n\n#define MaxSize 50\ntypedef int ElemType;\ntypedef int Status;\n\n// 顺序表结构定义\ntypedef struct {\n    ElemType data[MaxSize]; // 顺序表元素\n    int length;             // 顺序表当前长度\n} SqList;\n\n// 初始化顺序表函数，构造一个空的顺序表\nStatus InitList(SqList &L) {\n    memset(L.data, 0, sizeof(L.data)); // 初始化数据为0\n    L.length = 0;                      // 初始化长度为0\n    return 0;\n}\n\n// 打印顺序表\nvoid PrintList(SqList L) {\n    cout << \"[\";\n    for (int i = 0; i < L.length; i++) {\n        cout << L.data[i];\n        if (i < L.length - 1) cout << \", \";\n    }\n    cout << \"]\";\n}\n\n// TODO: 实现这个函数\nStatus ListInsert(SqList &L, int i, ElemType e) {\n    // 如果i不在合理范围[1, L.length+1]内，\n    // 应打印错误信息到 cerr 并调用 exit(1)\n    // 在第i个位置插入元素e（注意：i从1开始计数）\n    // 如果顺序表已满，也应显示错误信息并退出\n    \n    // 你的代码在这里\n    \n}\n\n// 简单的测试主函数，方便你调试\nint main() {\n    SqList L1, L2;\n    InitList(L1);\n    InitList(L2);\n    \n    // 测试用例1：中间插入\n    cout << \"=== 测试用例1：中间插入 ===\" << endl;\n    L1.data[0] = 1; L1.data[1] = 3; L1.data[2] = 5;\n    L1.length = 3;\n    \n    cout << \"原始顺序表: \";\n    PrintList(L1);\n    cout << \"，长度: \" << L1.length << endl;\n    cout << \"插入元素2到位置2（第2个位置）\" << endl;\n    \n    ListInsert(L1, 2, 2);\n    cout << \"插入后顺序表: \";\n    PrintList(L1);\n    cout << \"，长度: \" << L1.length << endl << endl;\n    \n    // 测试用例2：末尾插入\n    cout << \"=== 测试用例2：末尾插入 ===\" << endl;\n    L2.data[0] = 1; L2.data[1] = 2;\n    L2.length = 2;\n    \n    cout << \"原始顺序表: \";\n    PrintList(L2);\n    cout << \"，长度: \" << L2.length << endl;\n    cout << \"插入元素3到位置3（末尾位置）\" << endl;\n    \n    ListInsert(L2, 3, 3);\n    cout << \"插入后顺序表: \";\n    PrintList(L2);\n    cout << \"，长度: \" << L2.length << endl;\n    \n    return 0;\n}"
  },
  {
    "timestamp": 1759056832036,
    "problemId": "1SequentialList2",
    "eventType": "edit",
    "operationType": "delete",
    "change": {
      "range": {
        "startLineNumber": 1,
        "startColumn": 1,
        "endLineNumber": 82,
        "endColumn": 2
      },
      "rangeLength": 1695,
      "text": "",
      "rangeOffset": 0,
      "deletedText": "#include <iostream>\n#include <cstring>\n#include <cstdlib>\n\nusing namespace std;\n\n#define MaxSize 50\ntypedef int ElemType;\ntypedef int Status;\n\n// 顺序表结构定义\ntypedef struct {\n    ElemType data[MaxSize]; // 顺序表元素\n    int length;             // 顺序表当前长度\n} SqList;\n\n// 初始化顺序表函数，构造一个空的顺序表\nStatus InitList(SqList &L) {\n    memset(L.data, 0, sizeof(L.data)); // 初始化数据为0\n    L.length = 0;                      // 初始化长度为0\n    return 0;\n}\n\n// 打印顺序表\nvoid PrintList(SqList L) {\n    cout << \"[\";\n    for (int i = 0; i < L.length; i++) {\n        cout << L.data[i];\n        if (i < L.length - 1) cout << \", \";\n    }\n    cout << \"]\";\n}\n\n// TODO: 实现这个函数\nStatus ListInsert(SqList &L, int i, ElemType e) {\n    // 如果i不在合理范围[1, L.length+1]内，\n    // 应打印错误信息到 cerr 并调用 exit(1)\n    // 在第i个位置插入元素e（注意：i从1开始计数）\n    // 如果顺序表已满，也应显示错误信息并退出\n    \n    // 你的代码在这里\n    \n}\n\n// 简单的测试主函数，方便你调试\nint main() {\n    SqList L1, L2;\n    InitList(L1);\n    InitList(L2);\n    \n    // 测试用例1：中间插入\n    cout << \"=== 测试用例1：中间插入 ===\" << endl;\n    L1.data[0] = 1; L1.data[1] = 3; L1.data[2] = 5;\n    L1.length = 3;\n    \n    cout << \"原始顺序表: \";\n    PrintList(L1);\n    cout << \"，长度: \" << L1.length << endl;\n    cout << \"插入元素2到位置2（第2个位置）\" << endl;\n    \n    ListInsert(L1, 2, 2);\n    cout << \"插入后顺序表: \";\n    PrintList(L1);\n    cout << \"，长度: \" << L1.length << endl << endl;\n    \n    // 测试用例2：末尾插入\n    cout << \"=== 测试用例2：末尾插入 ===\" << endl;\n    L2.data[0] = 1; L2.data[1] = 2;\n    L2.length = 2;\n    \n    cout << \"原始顺序表: \";\n    PrintList(L2);\n    cout << \"，长度: \" << L2.length << endl;\n    cout << \"插入元素3到位置3（末尾位置）\" << endl;\n    \n    ListInsert(L2, 3, 3);\n    cout << \"插入后顺序表: \";\n    PrintList(L2);\n    cout << \"，长度: \" << L2.length << endl;\n    \n    return 0;\n}"
    },
    "cursorPosition": {
      "lineNumber": 1,
      "column": 1
    }
  },
  {
    "timestamp": 1759056832551,
    "problemId": "1SequentialList2",
    "eventType": "edit",
    "operationType": "paste_insert",
    "change": {
      "range": {
        "startLineNumber": 1,
        "startColumn": 1,
        "endLineNumber": 1,
        "endColumn": 1
      },
      "rangeLength": 0,
      "text": "#include <iostream>  // 用于输入输出 (cout, cerr, endl)\n#include <cstring>   // 用于 memset\n#include <cstdlib>   // 用于 exit\n\nusing namespace std; // 使用 std 命名空间，方便直接使用 cout, cerr, endl, exit\n\n#define MaxSize 50\ntypedef int ElemType;\ntypedef int Status; // 0 表示成功，非 0 表示失败（尽管这里失败会直接退出）\n\n// 顺序表结构定义\ntypedef struct {\n    ElemType data[MaxSize]; // 顺序表元素\n    int length;             // 顺序表当前长度\n} SqList;\n\n// 初始化顺序表函数，构造一个空的顺序表\nStatus InitList(SqList &L) {\n    memset(L.data, 0, sizeof(L.data)); // 初始化数据为0 (可选，但根据原代码保留)\n    L.length = 0;                      // 初始化长度为0\n    return 0; // 0 表示成功\n}\n\n// 打印顺序表\nvoid PrintList(SqList L) {\n    cout << \"[\";\n    for (int i = 0; i < L.length; i++) {\n        cout << L.data[i];\n        if (i < L.length - 1) cout << \", \";\n    }\n    cout << \"]\";\n}\n\n// 实现这个函数：\n// 在第i个位置插入元素e（注意：i从1开始计数）\n// 如果i不在合理范围[1, L.length+1]内，应打印错误信息到 cerr 并调用 exit(1)\n// 如果顺序表已满，也应显示错误信息并退出\nStatus ListInsert(SqList &L, int i, ElemType e) {\n    // 1. 检查顺序表是否已满\n    if (L.length >= MaxSize) {\n        cerr << \"错误：顺序表已满，无法插入元素 \" << e << \"。\" << endl;\n        exit(1); // 退出程序\n    }\n\n    // 2. 检查插入位置 i 是否合法\n    // 合法范围是 [1, L.length + 1]\n    if (i < 1 || i > L.length + 1) {\n        cerr << \"错误：插入位置 i (\" << i << \") 不合法。合法范围为 [1, \" << L.length + 1 << \"]。\" << endl;\n        exit(1); // 退出程序\n    }\n\n    // 3. 将从第 i 个位置开始（包括第 i 个）的所有元素向后移动一位\n    // 注意：i 是从 1 开始的，对应数组索引是 i-1\n    // 循环从最后一个元素（L.length - 1）开始，一直到插入位置的前一个元素（i - 1）\n    for (int k = L.length; k >= i; --k) {\n        L.data[k] = L.data[k - 1];\n    }\n\n    // 4. 在第 i 个位置（数组索引 i-1）插入新元素 e\n    L.data[i - 1] = e;\n\n    // 5. 顺序表长度加 1\n    L.length++;\n\n    return 0; // 插入成功，返回 0\n}\n\n// 简单的测试主函数，方便你调试\nint main() {\n    SqList L1, L2, L3, L4, L5;\n    InitList(L1);\n    InitList(L2);\n    InitList(L3);\n    InitList(L4); // 用于测试满表\n    InitList(L5); // 用于测试非法位置\n\n    // 测试用例1：中间插入\n    cout << \"=== 测试用例1：中间插入 ===\" << endl;\n    L1.data[0] = 1; L1.data[1] = 3; L1.data[2] = 5;\n    L1.length = 3;\n    \n    cout << \"原始顺序表: \";\n    PrintList(L1);\n    cout << \"，长度: \" << L1.length << endl;\n    cout << \"插入元素2到位置2（第2个位置）\" << endl;\n    \n    ListInsert(L1, 2, 2);\n    cout << \"插入后顺序表: \";\n    PrintList(L1);\n    cout << \"，长度: \" << L1.length << endl << endl; // 预期: [1, 2, 3, 5], 长度: 4\n    \n    // 测试用例2：末尾插入\n    cout << \"=== 测试用例2：末尾插入 ===\" << endl;\n    L2.data[0] = 1; L2.data[1] = 2;\n    L2.length = 2;\n    \n    cout << \"原始顺序表: \";\n    PrintList(L2);\n    cout << \"，长度: \" << L2.length << endl;\n    cout << \"插入元素3到位置3（末尾位置）\" << endl;\n    \n    ListInsert(L2, 3, 3);\n    cout << \"插入后顺序表: \";\n    PrintList(L2);\n    cout << \"，长度: \" << L2.length << endl << endl; // 预期: [1, 2, 3], 长度: 3\n\n    // 测试用例3：头部插入 (插入到位置1)\n    cout << \"=== 测试用例3：头部插入 ===\" << endl;\n    L3.data[0] = 10; L3.data[1] = 20;\n    L3.length = 2;\n    cout << \"原始顺序表: \";\n    PrintList(L3);\n    cout << \"，长度: \" << L3.length << endl;\n    cout << \"插入元素5到位置1（头部位置）\" << endl;\n    ListInsert(L3, 1, 5);\n    cout << \"插入后顺序表: \";\n    PrintList(L3);\n    cout << \"，长度: \" << L3.length << endl << endl; // 预期: [5, 10, 20], 长度: 3\n\n    // 测试用例4：顺序表已满 (预期将导致程序退出)\n    cout << \"=== 测试用例4：顺序表已满 ===\" << endl;\n    cout << \"此测试将尝试向一个已满的顺序表插入元素，根据要求，这应该导致程序终止。\" << endl;\n    cout << \"如果程序终止，则表示错误处理功能正常。\" << endl;\n    for (int i = 0; i < MaxSize; ++i) { // 填满顺序表\n        L4.data[i] = i + 1;\n    }\n    L4.length = MaxSize;\n    cout << \"原始顺序表 (已满): \";\n    PrintList(L4);\n    cout << \"，长度: \" << L4.length << endl;\n    cout << \"尝试插入元素 99 到位置 1...\" << endl;\n    ListInsert(L4, 1, 99); // 预期此调用将导致程序退出\n\n    // 测试用例5：插入位置不合法 (预期将导致程序退出)\n    cout << \"=== 测试用例5：插入位置不合法 ===\" << endl;\n    cout << \"此测试将尝试向一个顺序表插入到非法位置，根据要求，这应该导致程序终止。\" << endl;\n    cout << \"如果程序终止，则表示错误处理功能正常。\" << endl;\n    L5.data[0] = 100;\n    L5.length = 1;\n    cout << \"原始顺序表: \";\n    PrintList(L5);\n    cout << \"，长度: \" << L5.length << endl;\n    cout << \"尝试插入元素 200 到位置 0 (非法位置)...\" << endl;\n    ListInsert(L5, 0, 200); // 预期此调用将导致程序退出 (i < 1)\n\n    // 如果程序没有按预期退出，下面的这行代码将被打印出来\n    cout << \"如果程序正常退出，这行代码将不会被打印。\" << endl;\n    \n    return 0; // 如果程序没有退出，将返回0（表示成功，但这不符合预期）\n}",
      "rangeOffset": 0
    },
    "cursorPosition": {
      "lineNumber": 1,
      "column": 1
    }
  },
  {
    "timestamp": 1759056835954,
    "problemId": "1SequentialList2",
    "eventType": "problem_saved",
    "codeSnapshot": "#include <iostream>  // 用于输入输出 (cout, cerr, endl)\n#include <cstring>   // 用于 memset\n#include <cstdlib>   // 用于 exit\n\nusing namespace std; // 使用 std 命名空间，方便直接使用 cout, cerr, endl, exit\n\n#define MaxSize 50\ntypedef int ElemType;\ntypedef int Status; // 0 表示成功，非 0 表示失败（尽管这里失败会直接退出）\n\n// 顺序表结构定义\ntypedef struct {\n    ElemType data[MaxSize]; // 顺序表元素\n    int length;             // 顺序表当前长度\n} SqList;\n\n// 初始化顺序表函数，构造一个空的顺序表\nStatus InitList(SqList &L) {\n    memset(L.data, 0, sizeof(L.data)); // 初始化数据为0 (可选，但根据原代码保留)\n    L.length = 0;                      // 初始化长度为0\n    return 0; // 0 表示成功\n}\n\n// 打印顺序表\nvoid PrintList(SqList L) {\n    cout << \"[\";\n    for (int i = 0; i < L.length; i++) {\n        cout << L.data[i];\n        if (i < L.length - 1) cout << \", \";\n    }\n    cout << \"]\";\n}\n\n// 实现这个函数：\n// 在第i个位置插入元素e（注意：i从1开始计数）\n// 如果i不在合理范围[1, L.length+1]内，应打印错误信息到 cerr 并调用 exit(1)\n// 如果顺序表已满，也应显示错误信息并退出\nStatus ListInsert(SqList &L, int i, ElemType e) {\n    // 1. 检查顺序表是否已满\n    if (L.length >= MaxSize) {\n        cerr << \"错误：顺序表已满，无法插入元素 \" << e << \"。\" << endl;\n        exit(1); // 退出程序\n    }\n\n    // 2. 检查插入位置 i 是否合法\n    // 合法范围是 [1, L.length + 1]\n    if (i < 1 || i > L.length + 1) {\n        cerr << \"错误：插入位置 i (\" << i << \") 不合法。合法范围为 [1, \" << L.length + 1 << \"]。\" << endl;\n        exit(1); // 退出程序\n    }\n\n    // 3. 将从第 i 个位置开始（包括第 i 个）的所有元素向后移动一位\n    // 注意：i 是从 1 开始的，对应数组索引是 i-1\n    // 循环从最后一个元素（L.length - 1）开始，一直到插入位置的前一个元素（i - 1）\n    for (int k = L.length; k >= i; --k) {\n        L.data[k] = L.data[k - 1];\n    }\n\n    // 4. 在第 i 个位置（数组索引 i-1）插入新元素 e\n    L.data[i - 1] = e;\n\n    // 5. 顺序表长度加 1\n    L.length++;\n\n    return 0; // 插入成功，返回 0\n}\n\n// 简单的测试主函数，方便你调试\nint main() {\n    SqList L1, L2, L3, L4, L5;\n    InitList(L1);\n    InitList(L2);\n    InitList(L3);\n    InitList(L4); // 用于测试满表\n    InitList(L5); // 用于测试非法位置\n\n    // 测试用例1：中间插入\n    cout << \"=== 测试用例1：中间插入 ===\" << endl;\n    L1.data[0] = 1; L1.data[1] = 3; L1.data[2] = 5;\n    L1.length = 3;\n    \n    cout << \"原始顺序表: \";\n    PrintList(L1);\n    cout << \"，长度: \" << L1.length << endl;\n    cout << \"插入元素2到位置2（第2个位置）\" << endl;\n    \n    ListInsert(L1, 2, 2);\n    cout << \"插入后顺序表: \";\n    PrintList(L1);\n    cout << \"，长度: \" << L1.length << endl << endl; // 预期: [1, 2, 3, 5], 长度: 4\n    \n    // 测试用例2：末尾插入\n    cout << \"=== 测试用例2：末尾插入 ===\" << endl;\n    L2.data[0] = 1; L2.data[1] = 2;\n    L2.length = 2;\n    \n    cout << \"原始顺序表: \";\n    PrintList(L2);\n    cout << \"，长度: \" << L2.length << endl;\n    cout << \"插入元素3到位置3（末尾位置）\" << endl;\n    \n    ListInsert(L2, 3, 3);\n    cout << \"插入后顺序表: \";\n    PrintList(L2);\n    cout << \"，长度: \" << L2.length << endl << endl; // 预期: [1, 2, 3], 长度: 3\n\n    // 测试用例3：头部插入 (插入到位置1)\n    cout << \"=== 测试用例3：头部插入 ===\" << endl;\n    L3.data[0] = 10; L3.data[1] = 20;\n    L3.length = 2;\n    cout << \"原始顺序表: \";\n    PrintList(L3);\n    cout << \"，长度: \" << L3.length << endl;\n    cout << \"插入元素5到位置1（头部位置）\" << endl;\n    ListInsert(L3, 1, 5);\n    cout << \"插入后顺序表: \";\n    PrintList(L3);\n    cout << \"，长度: \" << L3.length << endl << endl; // 预期: [5, 10, 20], 长度: 3\n\n    // 测试用例4：顺序表已满 (预期将导致程序退出)\n    cout << \"=== 测试用例4：顺序表已满 ===\" << endl;\n    cout << \"此测试将尝试向一个已满的顺序表插入元素，根据要求，这应该导致程序终止。\" << endl;\n    cout << \"如果程序终止，则表示错误处理功能正常。\" << endl;\n    for (int i = 0; i < MaxSize; ++i) { // 填满顺序表\n        L4.data[i] = i + 1;\n    }\n    L4.length = MaxSize;\n    cout << \"原始顺序表 (已满): \";\n    PrintList(L4);\n    cout << \"，长度: \" << L4.length << endl;\n    cout << \"尝试插入元素 99 到位置 1...\" << endl;\n    ListInsert(L4, 1, 99); // 预期此调用将导致程序退出\n\n    // 测试用例5：插入位置不合法 (预期将导致程序退出)\n    cout << \"=== 测试用例5：插入位置不合法 ===\" << endl;\n    cout << \"此测试将尝试向一个顺序表插入到非法位置，根据要求，这应该导致程序终止。\" << endl;\n    cout << \"如果程序终止，则表示错误处理功能正常。\" << endl;\n    L5.data[0] = 100;\n    L5.length = 1;\n    cout << \"原始顺序表: \";\n    PrintList(L5);\n    cout << \"，长度: \" << L5.length << endl;\n    cout << \"尝试插入元素 200 到位置 0 (非法位置)...\" << endl;\n    ListInsert(L5, 0, 200); // 预期此调用将导致程序退出 (i < 1)\n\n    // 如果程序没有按预期退出，下面的这行代码将被打印出来\n    cout << \"如果程序正常退出，这行代码将不会被打印。\" << endl;\n    \n    return 0; // 如果程序没有退出，将返回0（表示成功，但这不符合预期）\n}",
    "audioState": "absent"
  },
  {
    "timestamp": 1759056885806,
    "problemId": "1SequentialList2",
    "eventType": "problem_loaded",
    "codeSnapshot": "#include <iostream>  // 用于输入输出 (cout, cerr, endl)\n#include <cstring>   // 用于 memset\n#include <cstdlib>   // 用于 exit\n\nusing namespace std; // 使用 std 命名空间，方便直接使用 cout, cerr, endl, exit\n\n#define MaxSize 50\ntypedef int ElemType;\ntypedef int Status; // 0 表示成功，非 0 表示失败（尽管这里失败会直接退出）\n\n// 顺序表结构定义\ntypedef struct {\n    ElemType data[MaxSize]; // 顺序表元素\n    int length;             // 顺序表当前长度\n} SqList;\n\n// 初始化顺序表函数，构造一个空的顺序表\nStatus InitList(SqList &L) {\n    memset(L.data, 0, sizeof(L.data)); // 初始化数据为0 (可选，但根据原代码保留)\n    L.length = 0;                      // 初始化长度为0\n    return 0; // 0 表示成功\n}\n\n// 打印顺序表\nvoid PrintList(SqList L) {\n    cout << \"[\";\n    for (int i = 0; i < L.length; i++) {\n        cout << L.data[i];\n        if (i < L.length - 1) cout << \", \";\n    }\n    cout << \"]\";\n}\n\n// 实现这个函数：\n// 在第i个位置插入元素e（注意：i从1开始计数）\n// 如果i不在合理范围[1, L.length+1]内，应打印错误信息到 cerr 并调用 exit(1)\n// 如果顺序表已满，也应显示错误信息并退出\nStatus ListInsert(SqList &L, int i, ElemType e) {\n    // 1. 检查顺序表是否已满\n    if (L.length >= MaxSize) {\n        cerr << \"错误：顺序表已满，无法插入元素 \" << e << \"。\" << endl;\n        exit(1); // 退出程序\n    }\n\n    // 2. 检查插入位置 i 是否合法\n    // 合法范围是 [1, L.length + 1]\n    if (i < 1 || i > L.length + 1) {\n        cerr << \"错误：插入位置 i (\" << i << \") 不合法。合法范围为 [1, \" << L.length + 1 << \"]。\" << endl;\n        exit(1); // 退出程序\n    }\n\n    // 3. 将从第 i 个位置开始（包括第 i 个）的所有元素向后移动一位\n    // 注意：i 是从 1 开始的，对应数组索引是 i-1\n    // 循环从最后一个元素（L.length - 1）开始，一直到插入位置的前一个元素（i - 1）\n    for (int k = L.length; k >= i; --k) {\n        L.data[k] = L.data[k - 1];\n    }\n\n    // 4. 在第 i 个位置（数组索引 i-1）插入新元素 e\n    L.data[i - 1] = e;\n\n    // 5. 顺序表长度加 1\n    L.length++;\n\n    return 0; // 插入成功，返回 0\n}\n\n// 简单的测试主函数，方便你调试\nint main() {\n    SqList L1, L2, L3, L4, L5;\n    InitList(L1);\n    InitList(L2);\n    InitList(L3);\n    InitList(L4); // 用于测试满表\n    InitList(L5); // 用于测试非法位置\n\n    // 测试用例1：中间插入\n    cout << \"=== 测试用例1：中间插入 ===\" << endl;\n    L1.data[0] = 1; L1.data[1] = 3; L1.data[2] = 5;\n    L1.length = 3;\n    \n    cout << \"原始顺序表: \";\n    PrintList(L1);\n    cout << \"，长度: \" << L1.length << endl;\n    cout << \"插入元素2到位置2（第2个位置）\" << endl;\n    \n    ListInsert(L1, 2, 2);\n    cout << \"插入后顺序表: \";\n    PrintList(L1);\n    cout << \"，长度: \" << L1.length << endl << endl; // 预期: [1, 2, 3, 5], 长度: 4\n    \n    // 测试用例2：末尾插入\n    cout << \"=== 测试用例2：末尾插入 ===\" << endl;\n    L2.data[0] = 1; L2.data[1] = 2;\n    L2.length = 2;\n    \n    cout << \"原始顺序表: \";\n    PrintList(L2);\n    cout << \"，长度: \" << L2.length << endl;\n    cout << \"插入元素3到位置3（末尾位置）\" << endl;\n    \n    ListInsert(L2, 3, 3);\n    cout << \"插入后顺序表: \";\n    PrintList(L2);\n    cout << \"，长度: \" << L2.length << endl << endl; // 预期: [1, 2, 3], 长度: 3\n\n    // 测试用例3：头部插入 (插入到位置1)\n    cout << \"=== 测试用例3：头部插入 ===\" << endl;\n    L3.data[0] = 10; L3.data[1] = 20;\n    L3.length = 2;\n    cout << \"原始顺序表: \";\n    PrintList(L3);\n    cout << \"，长度: \" << L3.length << endl;\n    cout << \"插入元素5到位置1（头部位置）\" << endl;\n    ListInsert(L3, 1, 5);\n    cout << \"插入后顺序表: \";\n    PrintList(L3);\n    cout << \"，长度: \" << L3.length << endl << endl; // 预期: [5, 10, 20], 长度: 3\n\n    // 测试用例4：顺序表已满 (预期将导致程序退出)\n    cout << \"=== 测试用例4：顺序表已满 ===\" << endl;\n    cout << \"此测试将尝试向一个已满的顺序表插入元素，根据要求，这应该导致程序终止。\" << endl;\n    cout << \"如果程序终止，则表示错误处理功能正常。\" << endl;\n    for (int i = 0; i < MaxSize; ++i) { // 填满顺序表\n        L4.data[i] = i + 1;\n    }\n    L4.length = MaxSize;\n    cout << \"原始顺序表 (已满): \";\n    PrintList(L4);\n    cout << \"，长度: \" << L4.length << endl;\n    cout << \"尝试插入元素 99 到位置 1...\" << endl;\n    ListInsert(L4, 1, 99); // 预期此调用将导致程序退出\n\n    // 测试用例5：插入位置不合法 (预期将导致程序退出)\n    cout << \"=== 测试用例5：插入位置不合法 ===\" << endl;\n    cout << \"此测试将尝试向一个顺序表插入到非法位置，根据要求，这应该导致程序终止。\" << endl;\n    cout << \"如果程序终止，则表示错误处理功能正常。\" << endl;\n    L5.data[0] = 100;\n    L5.length = 1;\n    cout << \"原始顺序表: \";\n    PrintList(L5);\n    cout << \"，长度: \" << L5.length << endl;\n    cout << \"尝试插入元素 200 到位置 0 (非法位置)...\" << endl;\n    ListInsert(L5, 0, 200); // 预期此调用将导致程序退出 (i < 1)\n\n    // 如果程序没有按预期退出，下面的这行代码将被打印出来\n    cout << \"如果程序正常退出，这行代码将不会被打印。\" << endl;\n    \n    return 0; // 如果程序没有退出，将返回0（表示成功，但这不符合预期）\n}"
  },
  {
    "timestamp": 1759056888794,
    "problemId": "1SequentialList2",
    "eventType": "problem_loaded",
    "codeSnapshot": "#include <iostream>  // 用于输入输出 (cout, cerr, endl)\n#include <cstring>   // 用于 memset\n#include <cstdlib>   // 用于 exit\n\nusing namespace std; // 使用 std 命名空间，方便直接使用 cout, cerr, endl, exit\n\n#define MaxSize 50\ntypedef int ElemType;\ntypedef int Status; // 0 表示成功，非 0 表示失败（尽管这里失败会直接退出）\n\n// 顺序表结构定义\ntypedef struct {\n    ElemType data[MaxSize]; // 顺序表元素\n    int length;             // 顺序表当前长度\n} SqList;\n\n// 初始化顺序表函数，构造一个空的顺序表\nStatus InitList(SqList &L) {\n    memset(L.data, 0, sizeof(L.data)); // 初始化数据为0 (可选，但根据原代码保留)\n    L.length = 0;                      // 初始化长度为0\n    return 0; // 0 表示成功\n}\n\n// 打印顺序表\nvoid PrintList(SqList L) {\n    cout << \"[\";\n    for (int i = 0; i < L.length; i++) {\n        cout << L.data[i];\n        if (i < L.length - 1) cout << \", \";\n    }\n    cout << \"]\";\n}\n\n// 实现这个函数：\n// 在第i个位置插入元素e（注意：i从1开始计数）\n// 如果i不在合理范围[1, L.length+1]内，应打印错误信息到 cerr 并调用 exit(1)\n// 如果顺序表已满，也应显示错误信息并退出\nStatus ListInsert(SqList &L, int i, ElemType e) {\n    // 1. 检查顺序表是否已满\n    if (L.length >= MaxSize) {\n        cerr << \"错误：顺序表已满，无法插入元素 \" << e << \"。\" << endl;\n        exit(1); // 退出程序\n    }\n\n    // 2. 检查插入位置 i 是否合法\n    // 合法范围是 [1, L.length + 1]\n    if (i < 1 || i > L.length + 1) {\n        cerr << \"错误：插入位置 i (\" << i << \") 不合法。合法范围为 [1, \" << L.length + 1 << \"]。\" << endl;\n        exit(1); // 退出程序\n    }\n\n    // 3. 将从第 i 个位置开始（包括第 i 个）的所有元素向后移动一位\n    // 注意：i 是从 1 开始的，对应数组索引是 i-1\n    // 循环从最后一个元素（L.length - 1）开始，一直到插入位置的前一个元素（i - 1）\n    for (int k = L.length; k >= i; --k) {\n        L.data[k] = L.data[k - 1];\n    }\n\n    // 4. 在第 i 个位置（数组索引 i-1）插入新元素 e\n    L.data[i - 1] = e;\n\n    // 5. 顺序表长度加 1\n    L.length++;\n\n    return 0; // 插入成功，返回 0\n}\n\n// 简单的测试主函数，方便你调试\nint main() {\n    SqList L1, L2, L3, L4, L5;\n    InitList(L1);\n    InitList(L2);\n    InitList(L3);\n    InitList(L4); // 用于测试满表\n    InitList(L5); // 用于测试非法位置\n\n    // 测试用例1：中间插入\n    cout << \"=== 测试用例1：中间插入 ===\" << endl;\n    L1.data[0] = 1; L1.data[1] = 3; L1.data[2] = 5;\n    L1.length = 3;\n    \n    cout << \"原始顺序表: \";\n    PrintList(L1);\n    cout << \"，长度: \" << L1.length << endl;\n    cout << \"插入元素2到位置2（第2个位置）\" << endl;\n    \n    ListInsert(L1, 2, 2);\n    cout << \"插入后顺序表: \";\n    PrintList(L1);\n    cout << \"，长度: \" << L1.length << endl << endl; // 预期: [1, 2, 3, 5], 长度: 4\n    \n    // 测试用例2：末尾插入\n    cout << \"=== 测试用例2：末尾插入 ===\" << endl;\n    L2.data[0] = 1; L2.data[1] = 2;\n    L2.length = 2;\n    \n    cout << \"原始顺序表: \";\n    PrintList(L2);\n    cout << \"，长度: \" << L2.length << endl;\n    cout << \"插入元素3到位置3（末尾位置）\" << endl;\n    \n    ListInsert(L2, 3, 3);\n    cout << \"插入后顺序表: \";\n    PrintList(L2);\n    cout << \"，长度: \" << L2.length << endl << endl; // 预期: [1, 2, 3], 长度: 3\n\n    // 测试用例3：头部插入 (插入到位置1)\n    cout << \"=== 测试用例3：头部插入 ===\" << endl;\n    L3.data[0] = 10; L3.data[1] = 20;\n    L3.length = 2;\n    cout << \"原始顺序表: \";\n    PrintList(L3);\n    cout << \"，长度: \" << L3.length << endl;\n    cout << \"插入元素5到位置1（头部位置）\" << endl;\n    ListInsert(L3, 1, 5);\n    cout << \"插入后顺序表: \";\n    PrintList(L3);\n    cout << \"，长度: \" << L3.length << endl << endl; // 预期: [5, 10, 20], 长度: 3\n\n    // 测试用例4：顺序表已满 (预期将导致程序退出)\n    cout << \"=== 测试用例4：顺序表已满 ===\" << endl;\n    cout << \"此测试将尝试向一个已满的顺序表插入元素，根据要求，这应该导致程序终止。\" << endl;\n    cout << \"如果程序终止，则表示错误处理功能正常。\" << endl;\n    for (int i = 0; i < MaxSize; ++i) { // 填满顺序表\n        L4.data[i] = i + 1;\n    }\n    L4.length = MaxSize;\n    cout << \"原始顺序表 (已满): \";\n    PrintList(L4);\n    cout << \"，长度: \" << L4.length << endl;\n    cout << \"尝试插入元素 99 到位置 1...\" << endl;\n    ListInsert(L4, 1, 99); // 预期此调用将导致程序退出\n\n    // 测试用例5：插入位置不合法 (预期将导致程序退出)\n    cout << \"=== 测试用例5：插入位置不合法 ===\" << endl;\n    cout << \"此测试将尝试向一个顺序表插入到非法位置，根据要求，这应该导致程序终止。\" << endl;\n    cout << \"如果程序终止，则表示错误处理功能正常。\" << endl;\n    L5.data[0] = 100;\n    L5.length = 1;\n    cout << \"原始顺序表: \";\n    PrintList(L5);\n    cout << \"，长度: \" << L5.length << endl;\n    cout << \"尝试插入元素 200 到位置 0 (非法位置)...\" << endl;\n    ListInsert(L5, 0, 200); // 预期此调用将导致程序退出 (i < 1)\n\n    // 如果程序没有按预期退出，下面的这行代码将被打印出来\n    cout << \"如果程序正常退出，这行代码将不会被打印。\" << endl;\n    \n    return 0; // 如果程序没有退出，将返回0（表示成功，但这不符合预期）\n}"
  },
  {
    "timestamp": 1759056946606,
    "problemId": "1SequentialList2",
    "eventType": "problem_loaded",
    "codeSnapshot": "#include <iostream>  // 用于输入输出 (cout, cerr, endl)\n#include <cstring>   // 用于 memset\n#include <cstdlib>   // 用于 exit\n\nusing namespace std; // 使用 std 命名空间，方便直接使用 cout, cerr, endl, exit\n\n#define MaxSize 50\ntypedef int ElemType;\ntypedef int Status; // 0 表示成功，非 0 表示失败（尽管这里失败会直接退出）\n\n// 顺序表结构定义\ntypedef struct {\n    ElemType data[MaxSize]; // 顺序表元素\n    int length;             // 顺序表当前长度\n} SqList;\n\n// 初始化顺序表函数，构造一个空的顺序表\nStatus InitList(SqList &L) {\n    memset(L.data, 0, sizeof(L.data)); // 初始化数据为0 (可选，但根据原代码保留)\n    L.length = 0;                      // 初始化长度为0\n    return 0; // 0 表示成功\n}\n\n// 打印顺序表\nvoid PrintList(SqList L) {\n    cout << \"[\";\n    for (int i = 0; i < L.length; i++) {\n        cout << L.data[i];\n        if (i < L.length - 1) cout << \", \";\n    }\n    cout << \"]\";\n}\n\n// 实现这个函数：\n// 在第i个位置插入元素e（注意：i从1开始计数）\n// 如果i不在合理范围[1, L.length+1]内，应打印错误信息到 cerr 并调用 exit(1)\n// 如果顺序表已满，也应显示错误信息并退出\nStatus ListInsert(SqList &L, int i, ElemType e) {\n    // 1. 检查顺序表是否已满\n    if (L.length >= MaxSize) {\n        cerr << \"错误：顺序表已满，无法插入元素 \" << e << \"。\" << endl;\n        exit(1); // 退出程序\n    }\n\n    // 2. 检查插入位置 i 是否合法\n    // 合法范围是 [1, L.length + 1]\n    if (i < 1 || i > L.length + 1) {\n        cerr << \"错误：插入位置 i (\" << i << \") 不合法。合法范围为 [1, \" << L.length + 1 << \"]。\" << endl;\n        exit(1); // 退出程序\n    }\n\n    // 3. 将从第 i 个位置开始（包括第 i 个）的所有元素向后移动一位\n    // 注意：i 是从 1 开始的，对应数组索引是 i-1\n    // 循环从最后一个元素（L.length - 1）开始，一直到插入位置的前一个元素（i - 1）\n    for (int k = L.length; k >= i; --k) {\n        L.data[k] = L.data[k - 1];\n    }\n\n    // 4. 在第 i 个位置（数组索引 i-1）插入新元素 e\n    L.data[i - 1] = e;\n\n    // 5. 顺序表长度加 1\n    L.length++;\n\n    return 0; // 插入成功，返回 0\n}\n\n// 简单的测试主函数，方便你调试\nint main() {\n    SqList L1, L2, L3, L4, L5;\n    InitList(L1);\n    InitList(L2);\n    InitList(L3);\n    InitList(L4); // 用于测试满表\n    InitList(L5); // 用于测试非法位置\n\n    // 测试用例1：中间插入\n    cout << \"=== 测试用例1：中间插入 ===\" << endl;\n    L1.data[0] = 1; L1.data[1] = 3; L1.data[2] = 5;\n    L1.length = 3;\n    \n    cout << \"原始顺序表: \";\n    PrintList(L1);\n    cout << \"，长度: \" << L1.length << endl;\n    cout << \"插入元素2到位置2（第2个位置）\" << endl;\n    \n    ListInsert(L1, 2, 2);\n    cout << \"插入后顺序表: \";\n    PrintList(L1);\n    cout << \"，长度: \" << L1.length << endl << endl; // 预期: [1, 2, 3, 5], 长度: 4\n    \n    // 测试用例2：末尾插入\n    cout << \"=== 测试用例2：末尾插入 ===\" << endl;\n    L2.data[0] = 1; L2.data[1] = 2;\n    L2.length = 2;\n    \n    cout << \"原始顺序表: \";\n    PrintList(L2);\n    cout << \"，长度: \" << L2.length << endl;\n    cout << \"插入元素3到位置3（末尾位置）\" << endl;\n    \n    ListInsert(L2, 3, 3);\n    cout << \"插入后顺序表: \";\n    PrintList(L2);\n    cout << \"，长度: \" << L2.length << endl << endl; // 预期: [1, 2, 3], 长度: 3\n\n    // 测试用例3：头部插入 (插入到位置1)\n    cout << \"=== 测试用例3：头部插入 ===\" << endl;\n    L3.data[0] = 10; L3.data[1] = 20;\n    L3.length = 2;\n    cout << \"原始顺序表: \";\n    PrintList(L3);\n    cout << \"，长度: \" << L3.length << endl;\n    cout << \"插入元素5到位置1（头部位置）\" << endl;\n    ListInsert(L3, 1, 5);\n    cout << \"插入后顺序表: \";\n    PrintList(L3);\n    cout << \"，长度: \" << L3.length << endl << endl; // 预期: [5, 10, 20], 长度: 3\n\n    // 测试用例4：顺序表已满 (预期将导致程序退出)\n    cout << \"=== 测试用例4：顺序表已满 ===\" << endl;\n    cout << \"此测试将尝试向一个已满的顺序表插入元素，根据要求，这应该导致程序终止。\" << endl;\n    cout << \"如果程序终止，则表示错误处理功能正常。\" << endl;\n    for (int i = 0; i < MaxSize; ++i) { // 填满顺序表\n        L4.data[i] = i + 1;\n    }\n    L4.length = MaxSize;\n    cout << \"原始顺序表 (已满): \";\n    PrintList(L4);\n    cout << \"，长度: \" << L4.length << endl;\n    cout << \"尝试插入元素 99 到位置 1...\" << endl;\n    ListInsert(L4, 1, 99); // 预期此调用将导致程序退出\n\n    // 测试用例5：插入位置不合法 (预期将导致程序退出)\n    cout << \"=== 测试用例5：插入位置不合法 ===\" << endl;\n    cout << \"此测试将尝试向一个顺序表插入到非法位置，根据要求，这应该导致程序终止。\" << endl;\n    cout << \"如果程序终止，则表示错误处理功能正常。\" << endl;\n    L5.data[0] = 100;\n    L5.length = 1;\n    cout << \"原始顺序表: \";\n    PrintList(L5);\n    cout << \"，长度: \" << L5.length << endl;\n    cout << \"尝试插入元素 200 到位置 0 (非法位置)...\" << endl;\n    ListInsert(L5, 0, 200); // 预期此调用将导致程序退出 (i < 1)\n\n    // 如果程序没有按预期退出，下面的这行代码将被打印出来\n    cout << \"如果程序正常退出，这行代码将不会被打印。\" << endl;\n    \n    return 0; // 如果程序没有退出，将返回0（表示成功，但这不符合预期）\n}"
  },
  {
    "timestamp": 1759056953255,
    "problemId": "1SequentialList2",
    "eventType": "audio_record_start"
  },
  {
    "timestamp": 1759056955367,
    "problemId": "1SequentialList2",
    "eventType": "audio_record_stop",
    "durationMs": 2112,
    "audioSizeKB": 4
  },
  {
    "timestamp": 1759056958299,
    "problemId": "1SequentialList2",
    "eventType": "problem_saved",
    "codeSnapshot": "#include <iostream>  // 用于输入输出 (cout, cerr, endl)\n#include <cstring>   // 用于 memset\n#include <cstdlib>   // 用于 exit\n\nusing namespace std; // 使用 std 命名空间，方便直接使用 cout, cerr, endl, exit\n\n#define MaxSize 50\ntypedef int ElemType;\ntypedef int Status; // 0 表示成功，非 0 表示失败（尽管这里失败会直接退出）\n\n// 顺序表结构定义\ntypedef struct {\n    ElemType data[MaxSize]; // 顺序表元素\n    int length;             // 顺序表当前长度\n} SqList;\n\n// 初始化顺序表函数，构造一个空的顺序表\nStatus InitList(SqList &L) {\n    memset(L.data, 0, sizeof(L.data)); // 初始化数据为0 (可选，但根据原代码保留)\n    L.length = 0;                      // 初始化长度为0\n    return 0; // 0 表示成功\n}\n\n// 打印顺序表\nvoid PrintList(SqList L) {\n    cout << \"[\";\n    for (int i = 0; i < L.length; i++) {\n        cout << L.data[i];\n        if (i < L.length - 1) cout << \", \";\n    }\n    cout << \"]\";\n}\n\n// 实现这个函数：\n// 在第i个位置插入元素e（注意：i从1开始计数）\n// 如果i不在合理范围[1, L.length+1]内，应打印错误信息到 cerr 并调用 exit(1)\n// 如果顺序表已满，也应显示错误信息并退出\nStatus ListInsert(SqList &L, int i, ElemType e) {\n    // 1. 检查顺序表是否已满\n    if (L.length >= MaxSize) {\n        cerr << \"错误：顺序表已满，无法插入元素 \" << e << \"。\" << endl;\n        exit(1); // 退出程序\n    }\n\n    // 2. 检查插入位置 i 是否合法\n    // 合法范围是 [1, L.length + 1]\n    if (i < 1 || i > L.length + 1) {\n        cerr << \"错误：插入位置 i (\" << i << \") 不合法。合法范围为 [1, \" << L.length + 1 << \"]。\" << endl;\n        exit(1); // 退出程序\n    }\n\n    // 3. 将从第 i 个位置开始（包括第 i 个）的所有元素向后移动一位\n    // 注意：i 是从 1 开始的，对应数组索引是 i-1\n    // 循环从最后一个元素（L.length - 1）开始，一直到插入位置的前一个元素（i - 1）\n    for (int k = L.length; k >= i; --k) {\n        L.data[k] = L.data[k - 1];\n    }\n\n    // 4. 在第 i 个位置（数组索引 i-1）插入新元素 e\n    L.data[i - 1] = e;\n\n    // 5. 顺序表长度加 1\n    L.length++;\n\n    return 0; // 插入成功，返回 0\n}\n\n// 简单的测试主函数，方便你调试\nint main() {\n    SqList L1, L2, L3, L4, L5;\n    InitList(L1);\n    InitList(L2);\n    InitList(L3);\n    InitList(L4); // 用于测试满表\n    InitList(L5); // 用于测试非法位置\n\n    // 测试用例1：中间插入\n    cout << \"=== 测试用例1：中间插入 ===\" << endl;\n    L1.data[0] = 1; L1.data[1] = 3; L1.data[2] = 5;\n    L1.length = 3;\n    \n    cout << \"原始顺序表: \";\n    PrintList(L1);\n    cout << \"，长度: \" << L1.length << endl;\n    cout << \"插入元素2到位置2（第2个位置）\" << endl;\n    \n    ListInsert(L1, 2, 2);\n    cout << \"插入后顺序表: \";\n    PrintList(L1);\n    cout << \"，长度: \" << L1.length << endl << endl; // 预期: [1, 2, 3, 5], 长度: 4\n    \n    // 测试用例2：末尾插入\n    cout << \"=== 测试用例2：末尾插入 ===\" << endl;\n    L2.data[0] = 1; L2.data[1] = 2;\n    L2.length = 2;\n    \n    cout << \"原始顺序表: \";\n    PrintList(L2);\n    cout << \"，长度: \" << L2.length << endl;\n    cout << \"插入元素3到位置3（末尾位置）\" << endl;\n    \n    ListInsert(L2, 3, 3);\n    cout << \"插入后顺序表: \";\n    PrintList(L2);\n    cout << \"，长度: \" << L2.length << endl << endl; // 预期: [1, 2, 3], 长度: 3\n\n    // 测试用例3：头部插入 (插入到位置1)\n    cout << \"=== 测试用例3：头部插入 ===\" << endl;\n    L3.data[0] = 10; L3.data[1] = 20;\n    L3.length = 2;\n    cout << \"原始顺序表: \";\n    PrintList(L3);\n    cout << \"，长度: \" << L3.length << endl;\n    cout << \"插入元素5到位置1（头部位置）\" << endl;\n    ListInsert(L3, 1, 5);\n    cout << \"插入后顺序表: \";\n    PrintList(L3);\n    cout << \"，长度: \" << L3.length << endl << endl; // 预期: [5, 10, 20], 长度: 3\n\n    // 测试用例4：顺序表已满 (预期将导致程序退出)\n    cout << \"=== 测试用例4：顺序表已满 ===\" << endl;\n    cout << \"此测试将尝试向一个已满的顺序表插入元素，根据要求，这应该导致程序终止。\" << endl;\n    cout << \"如果程序终止，则表示错误处理功能正常。\" << endl;\n    for (int i = 0; i < MaxSize; ++i) { // 填满顺序表\n        L4.data[i] = i + 1;\n    }\n    L4.length = MaxSize;\n    cout << \"原始顺序表 (已满): \";\n    PrintList(L4);\n    cout << \"，长度: \" << L4.length << endl;\n    cout << \"尝试插入元素 99 到位置 1...\" << endl;\n    ListInsert(L4, 1, 99); // 预期此调用将导致程序退出\n\n    // 测试用例5：插入位置不合法 (预期将导致程序退出)\n    cout << \"=== 测试用例5：插入位置不合法 ===\" << endl;\n    cout << \"此测试将尝试向一个顺序表插入到非法位置，根据要求，这应该导致程序终止。\" << endl;\n    cout << \"如果程序终止，则表示错误处理功能正常。\" << endl;\n    L5.data[0] = 100;\n    L5.length = 1;\n    cout << \"原始顺序表: \";\n    PrintList(L5);\n    cout << \"，长度: \" << L5.length << endl;\n    cout << \"尝试插入元素 200 到位置 0 (非法位置)...\" << endl;\n    ListInsert(L5, 0, 200); // 预期此调用将导致程序退出 (i < 1)\n\n    // 如果程序没有按预期退出，下面的这行代码将被打印出来\n    cout << \"如果程序正常退出，这行代码将不会被打印。\" << endl;\n    \n    return 0; // 如果程序没有退出，将返回0（表示成功，但这不符合预期）\n}",
    "audioState": "present"
  }
]